AbductiveInferenceProcess,Mx4rBZ7CSpnAEdqAAAACs6hRXg
AbnormalSystemCondition,Mx4rnNc_VJeMQdeEufY0e4CuNg
Abnormal_Unusual,Mx4rv0har5wpEbGdrcN5Y29ycA
AbstractIndividual,Mx4r6iVgyruPQdefX9D0i1i7MQ
AbstractInformationStructure,Mx4rwQGTzJwpEbGdrcN5Y29ycA
AcademicCycles_Time_Topic,Mx4r8fdFbmJsQdiIgLZrtK515w
AcademicDepartmentTypeBySubject,Mx4rBU9nSCKDQdeWLpcPx_fdxQ
AcademyAwardCategory,Mx4rvrau-5wpEbGdrcN5Y29ycA
AccomplishmentType,Mx4rv48ocpwpEbGdrcN5Y29ycA
AccountSystemTypeByImplementationMeans,Mx4r9ZBYTvtKQdaOVPQkJz-WVA
AccountTypeByStatus,Mx4rVYGR0HSxEdaAAACgyZzFrg
Action,Mx4rvVioQZwpEbGdrcN5Y29ycA
Action_Device_Topic,Mx4r60yqVmJsQdiGkIqianUHXw
ActionOnObject,Mx4rwOf2ypwpEbGdrcN5Y29ycA
Actions_Topic,Mx4r6fnobGJsQdidwKN_lsxyKw
ActionTypeByLegality,Mx4rXtANHHSwEdaAAACgyZzFrg
Activism,Mx4rwRwbWpwpEbGdrcN5Y29ycA
ActorActressTypeByPerformanceType,Mx4rj-4ldNjbQdeeAqfc_Zs6_A
ActorTypeByMedium,Mx4rvVyCJZwpEbGdrcN5Y29ycA
ActTypeCommonlyConsideredCriminal,Mx4ryIOUhqKeQdiRffIfC9Y1mA
Addresses_Geography_Topic,Mx4r7awB8mJsQdiGu-6uNOBwCw
AerodromeConcept,Mx4rGLqw_k2LEdqAAAACs6hnlQ
Agent_PartiallyTangible,Mx4rvViAB5wpEbGdrcN5Y29ycA
Agents_Topic,Mx4rgQsP1l2xEdif1wACs2IMlQ
Agreement_Topic,Mx4rx5bYymJsQdiNj7tC77ipZg
AilmentConditionTypeBySyndrome,Mx4rv7sZaZwpEbGdrcN5Y29ycA
Ailments_Topic,Mx4r8Cz8pmJsQdiZM9GnEK4S2g
AircraftTypeByBrand,Mx4rvZGV0ZwpEbGdrcN5Y29ycA
AlgebraicNumber,Mx4rQSKaIHb0QdmeFP53_RWUlg
AllFemaleSchool,Mx4rvng98ZwpEbGdrcN5Y29ycA
Allotment_Collective,Mx4r9Ul0NuZQQdiUZowHQGGb5g
AlternateRoute,Mx4rmJMQHAYMEdqAAAACs0x8nw
Alternative,Mx4rwPK1_pwpEbGdrcN5Y29ycA
AlternativeMedicineEventTypeByModality,Mx4rwAH7wZwpEbGdrcN5Y29ycA
AmateurSportsTeamTypeBySponsor,Mx4rvxTtT5wpEbGdrcN5Y29ycA
AminoAcidTypeByChemicalSpecies,Mx4rwMYEZZwpEbGdrcN5Y29ycA
AnatomicalVessel,Mx4rvkJbt5wpEbGdrcN5Y29ycA
AngularAccelerationRate,Mx4rvVkIDpwpEbGdrcN5Y29ycA
AngularDistance,Mx4rvVir1pwpEbGdrcN5Y29ycA
AngularDistanceBetweenTwoVectors,Mx4r4A3RLr9iEdqAAACQJw5drg
AnimalBLOTypeByPosition,Mx4rVmf2vnSuEdaAAACgyZzFrg
AnimalBodyPartSystems_Physiology_Topic,Mx4r8RlWWmJsQdiYpcV07EoLUA
AnimalBodyPartType,Mx4rvVjn2pwpEbGdrcN5Y29ycA
AnimalBodyRegion,Mx4rvVraoZwpEbGdrcN5Y29ycA
AnimalBodyRegionType,Mx4rvVzih5wpEbGdrcN5Y29ycA
AnimalBodyShapeType,Mx4rvViUjZwpEbGdrcN5Y29ycA
AnimalBySex_Biology_Topic,Mx4r7MTFbGJsQdiaKMMyhtNA3w
AnimalByStageOfDevelopment_Biology_Topic,Mx4r6Bc0UGJsQdiYK5wVOgj4Dw
AnimalByTaxonomicPhylumWithSamples_Biology_Topic,Mx4r8VTU0mJsQdieD_c7FGdkZw
AnimalCapabilityType,Mx4rvezrKpwpEbGdrcN5Y29ycA
AnimalPhysiology_Physiology_Topic,Mx4r7tYfmmJsQdiI3N1kX4F0Xg
AnimalsByGrossForm_Biology_Topic,Mx4r7INvImJsQdiILoNSJ6x8Yw
AnimalsByMiscellaneousCriteria_Biology_Topic,Mx4r6jKikmJsQdiC1Kc12Ba8VQ
AnimalSensoryQuantity,Mx4rd18bKMdPQdeZ4dlxnAY1Yw
AnimalShapedThing,Mx4rvxkznpwpEbGdrcN5Y29ycA
AnimalSuppliesMarketCategory,Mx4rvViMfpwpEbGdrcN5Y29ycA
AntiqueFurnitureMarketCategory,Mx4rvVj6MZwpEbGdrcN5Y29ycA
ApplicationSpecific_Topic,Mx4rK9p6Rpf0QdiLAYgdFM6yDQ
ArchitecturalTypeByStyle,Mx4rgkiTmnSwEdaAAACgyZzFrg
Area,Mx4rvVjDAZwpEbGdrcN5Y29ycA
Area_with_historical_buildings,Mx8Ngh4rvszjQ5wpEbGdrcN5Y29ycA2DHiu9WOR2nCkRsZ2tw3ljb3JwHiv44sto99sR2YAAAAKzqE7-His32V_gJN5B157g-O5mnwEv
AreaOfOperations,Mx4rKSEwXnS8EdaAAACgyZzFrg
ArithmeticFunctions_Math_Topic,Mx4r7ctNMmJsQdiGLp1Zf2M0Rw
Artifact,Mx4rvVkH_ZwpEbGdrcN5Y29ycA
Artifact_AnimalCreated,Mx4rvwxwtZwpEbGdrcN5Y29ycA
Artifact_Generic,Mx4rvjSBSZwpEbGdrcN5Y29ycA
Artifact_HumanCreated,Mx4rTxfHRpbLQdeB5fQzdzxaNw
Artifact_Intangible,Mx4rvtisp5wpEbGdrcN5Y29ycA
Artifact_NonAgentive,Mx4rvY5LhpwpEbGdrcN5Y29ycA
Artifacts_Topic,Mx4riEYmCmzREdqAAAAH6Q2Zvw
ArtifactType,Mx4rwO3H5pwpEbGdrcN5Y29ycA
ArtifactTypeByFunction,Mx4roOCJgqgyQdePhq6ip3adDw
ArtifactTypeByHistory,Mx4rxRswoHSxEdaAAACgyZzFrg
ArtificialMaterial,Mx4rvVkCIpwpEbGdrcN5Y29ycA
Artist_PerformerTypeByPerformanceType,Mx4rcBeCItjbQdeDNJmB1g8x4g
ArtistTypeByArtForm,Mx4r47Ru3NpoQdeTed0_ATzdJQ
ArtSuppliesMarketCategory,Mx4rvVj3rJwpEbGdrcN5Y29ycA
AspatialInformationStore,Mx4rvf9sZJwpEbGdrcN5Y29ycA
Assignment_Obligation,Mx4rQJ9FDtqBQdiREI54qmN4hA
Assignment_Specification,Mx4r3-sZ_qOKQdiLcdU-WcJXtw
AthleteTypeBySport,Mx4rv4hS7ZwpEbGdrcN5Y29ycA
AthleticPhysicalBuild,Mx4rgP5WGHS7EdaAAACgyZzFrg
AtLeastPartiallyMentalEvent,Mx4rvViGFZwpEbGdrcN5Y29ycA
Attitude_Topic,Mx4rxp06DmJsQdiHtb3jE2wTMw
AuthorizedAgreement,Mx4rvViwHJwpEbGdrcN5Y29ycA
AuthorTypeByFormat,Mx4rX9y6DNpnQdecJ7DWqbTdIw
AuthorTypeBySubject,Mx4rosD3wNpnQdeS28YedLqb6Q
AutoFilterMarketCategory,Mx4rvViz6JwpEbGdrcN5Y29ycA
AutoMechanicShopMarketCategory,Mx4rvVi2H5wpEbGdrcN5Y29ycA
AutomobileTypeByBodyStyle,Mx4rvc20kZwpEbGdrcN5Y29ycA
AutomobileTypeByBrand,Mx4rvVibOJwpEbGdrcN5Y29ycA
AutomobileTypeByConventionalSizeClassification,Mx4rVSIUpKmrQdiYnqBkKeeXYw
AutomobileTypeByModel,Mx4rveV7eZwpEbGdrcN5Y29ycA
AutoSoundMarketCategory,Mx4rvVjlxJwpEbGdrcN5Y29ycA
AutoTireMarketCategory,Mx4rvVjCmpwpEbGdrcN5Y29ycA
AxisOfRotation_Earth,Mx4rvjUE9ZwpEbGdrcN5Y29ycA
AxisymmetricObject,Mx4ro5wCxPfVEdmAAAACs0uFOQ
BachelorOfArtsLevel,Mx4rMFZWjnS7EdaAAACgyZzFrg
BachelorOfScienceLevel,Mx4rKfqDQnS_EdaAAACgyZzFrg
BakeryMarketCategory,Mx4rwQCFYJwpEbGdrcN5Y29ycA
BallTypeByGame,Mx4rntgBkUX1EdiEtAACs5b6-g
BaseballPlayerTypeByPosition,Mx4rwTOvI5wpEbGdrcN5Y29ycA
BaseWordForm,Mx4rvnu2t5wpEbGdrcN5Y29ycA
BasicOfficeConnector,Mx4rwKZqsJwpEbGdrcN5Y29ycA
Basics_Fundamental_Topic,Mx4r7rdrkGJsQdiAiNIadFLTcg
BathroomFurnishingsMarketCategory,Mx4rvVieMJwpEbGdrcN5Y29ycA
BedroomFurnitureMarketCategory,Mx4rvViSf5wpEbGdrcN5Y29ycA
BedsAndMattressesMarketCategory,Mx4rvViSB5wpEbGdrcN5Y29ycA
BedTypeBySize,Mx4rhPtwBnSyEdaAAACgyZzFrg
Beliefs_Attitude_Topic,Mx4r7Niu9mJsQdiNoPHXcGrrTw
BeliefSystemType,Mx4rvVkFiJwpEbGdrcN5Y29ycA
BicycleMarketCategory,Mx4rwQCTu5wpEbGdrcN5Y29ycA
BidTypeByStatus,Mx4ralUfRnSxEdaAAACgyZzFrg
BiologicalClass,Mx4rvViXTJwpEbGdrcN5Y29ycA
BiologicalDevelopmentProcess,Mx4rvVjtYZwpEbGdrcN5Y29ycA
BiologicalEvent,Mx4rvVkCt5wpEbGdrcN5Y29ycA
BiologicalKinRelationships_Biology_Topic,Mx4r7vFP6mJsQdifKMoNLDIEdQ
BiologicalLivingObject,Mx4rvVim7ZwpEbGdrcN5Y29ycA
BiologicalProcess,Mx4rvVjwUJwpEbGdrcN5Y29ycA
BiologicalProcessType,Mx4ruq36tDL2EdaAAABQ2sS97g
BiologicalSpecies,Mx4rvVjK65wpEbGdrcN5Y29ycA
BiologicalSubclass,Mx4rvVjLp5wpEbGdrcN5Y29ycA
BiologicalSubdivision,Mx4rvVjLZZwpEbGdrcN5Y29ycA
BiologicalSubfamily,Mx4rv3Bj95wpEbGdrcN5Y29ycA
BiologicalSubkingdom,Mx4rvViYV5wpEbGdrcN5Y29ycA
BiologicalSuborder,Mx4rvfg4lJwpEbGdrcN5Y29ycA
BiologicalSubphylum,Mx4rvtY3xZwpEbGdrcN5Y29ycA
BiologicalSubspecies,Mx4rwLYiK5wpEbGdrcN5Y29ycA
BiologicalSuperfamily,Mx4rv4xappwpEbGdrcN5Y29ycA
BiologicalTaxon,Mx4rvVji6JwpEbGdrcN5Y29ycA
Biology_Topic,Mx4rgQs2412xEdif1wACs2IMlQ
BirthControlMarketCategory,Mx4rwQCaGZwpEbGdrcN5Y29ycA
BloodTypeByABO,Mx4rNPWAzFDrQdeQJ52RsPJLJw
BloodTypeByABOAndRhFactor,Mx4rN4M-alDrQdeAXp8GG6D-6A
BloodTypeByRhFactor,Mx4rNkZL8FDrQdeawdqI4PGQ7g
BodyPositionAndMovement_Physiology_Topic,Mx4r6e52HGJsQdiIuJOiFgHYJQ
BoneSubPart,Mx4rvXaMOpwpEbGdrcN5Y29ycA
BooksAndMagazinesMarketCategory,Mx4rvVjuuJwpEbGdrcN5Y29ycA
Borderline,Mx4rd7-FiskjEdmAAAACs6hRjg
Border_StripNearTheBoundaryOfAnObject,Mx4rqcap6rtQEdmAAAACs6hRjg
BoundaryLine,Mx4rF2-3VLytEdmAAAACs6hRjg
Boundary_Underspecified,Mx4rvZdKmpwpEbGdrcN5Y29ycA
BoundedDirectedAcyclicGraph,Mx4rwKbRUpwpEbGdrcN5Y29ycA
BoundedDirectedPathSystem,Mx4rvVv4mJwpEbGdrcN5Y29ycA
BrandNamePharmacyProductType,Mx4rwP3kUJwpEbGdrcN5Y29ycA
BridgeTypeBySupportType,Mx4ruAulZpUZEdqAAAACs6hRXg
BuildingConcept,Mx4rZvGxFv6_EdmAAAACs0uFOQ
Business_Fortune500,Mx4rfGs25jXuEdqAAAACs6hRXg
BusinessRelatedThing,Mx4rtuNldOW_EdqAAAACs2IKaQ
BusinessTypeByActivityType,Mx4rwI3GYpwpEbGdrcN5Y29ycA
BusinessTypeByManufacturingIndicator,Mx4rS0rK0mqnQdeRT6xhpVWlDQ
BuyingAnObject,Mx4rvVkJVZwpEbGdrcN5Y29ycA
Bypass_Path,Mx4rjGxo7mnNEdaAAABQ2sS97g
CalendarSeasonType,Mx4rvgEUH5wpEbGdrcN5Y29ycA
CannedGoodsMarketCategory,Mx4rwQCXMJwpEbGdrcN5Y29ycA
CarbamateCompoundType,Mx4rj5WpsmbGQdeEr7xh-Ig1dw
CartographicFeatureType,Mx4r6-wc8BKxEdeIXwCgydofLQ
CasualClothingMarketCategory,Mx4rvgH1BJwpEbGdrcN5Y29ycA
CatTypeByBreed,Mx4rvhsL-ZwpEbGdrcN5Y29ycA
Causality_Attitude_Topic,Mx4r6rqRKmJsQdiZHKtR-uC-8g
CausingAnotherObjectsTranslationalMotion,Mx4rvVjYRJwpEbGdrcN5Y29ycA
CelestialEvents_Time_Topic,Mx4r77ynqGJsQdiFd9OnnckMwQ
CelestialRegion,Mx4rvZbnSZwpEbGdrcN5Y29ycA
CellularProcessType,Mx4rXKWFVjHhEdaAAABQ2sS97g
ChangeOfStatusEvent,Mx4rvsq4fJwpEbGdrcN5Y29ycA
Check_TenderObject,Mx4rvVjOqJwpEbGdrcN5Y29ycA
ChemicalAgentType,Mx4rQwYgPmw2QdeJtpwghAAgPg
ChemicalCompoundsMolecules_Chemistry_Topic,Mx4r8oKO7mJsQdiHS9Ja5EB3EA
ChemicalCompoundTypeByChemicalSpecies,Mx4rvUCoPtoTQdaZVdw2OtjsAg
ChemicalObjectTypeByChemicalSpecies,Mx4rv1nL7ZwpEbGdrcN5Y29ycA
ChemicalReactions_Chemistry_Topic,Mx4r8FhhUmJsQdiAe-tG4CSklA
ChemicalReactionTypeByEquationFormula,Mx4rIRwAivAuQdacuY8ZSNGIXw
ChemicalSpeciesType,Mx4rGrjV6CQIQdeXXvdZKvawIg
Chemistry_Topic,Mx4rgQs25V2xEdif1wACs2IMlQ
ChildrensFurnitureMarketCategory,Mx4rvVjC6ZwpEbGdrcN5Y29ycA
CircularRegion,Mx4rvVjCZZwpEbGdrcN5Y29ycA
ClassicalMusicalCompositionType,Mx4rvcNktpwpEbGdrcN5Y29ycA
ClassicalMusicalCompositionTypeByMusicalForm,Mx4rwSmVfJwpEbGdrcN5Y29ycA
ClimateCycles_Weather_Topic,Mx4r8TbS1GJsQdiUI8L3X3FB6g
ClimaticSeasons_Time_Topic,Mx4r6rABVmJsQdiFwZXPPrBO6A
ClimaticSeasons_Weather_Topic,Mx4r7wTcLGJsQdiCzOknH2HOgA
CloseContactTransmittedInfection,Mx4rwQwbJJwpEbGdrcN5Y29ycA
ClosedFacility,Mx4rk5QAAHS9EdaAAACgyZzFrg
ClosedLinearObject,Mx4rvzb1U5wpEbGdrcN5Y29ycA
ClosedObject,Mx4r7quUUPpmQdeVj7-tZkDQ6A
ClosedPortal,Mx4r3337rHS8EdaAAACgyZzFrg
ClosedSurfaceRegion,Mx4rylUGus4bEdmAAAACs0uFOQ
ClothingMarketCategory,Mx4rvVju-pwpEbGdrcN5Y29ycA
Clothing_Topic,Mx4rgQs24V2xEdif1wACs2IMlQ
CloudlikeObject,Mx4rvViIUJwpEbGdrcN5Y29ycA
Collapsible,Mx4rTCX5tHTAEdaAAACgyZzFrg
CollapsibleDevice,Mx4rvVjNOpwpEbGdrcN5Y29ycA
Collapsing_Generic,Mx4r2Eg_ZB5sQdeakZ-SXRjycg
Collection,Mx4rvViAzJwpEbGdrcN5Y29ycA
CollectionType,Mx4rvtppU5wpEbGdrcN5Y29ycA
CollectionTypeType,Mx4rviPYH5wpEbGdrcN5Y29ycA
ColoredThing,Mx4rFWJKUEYKEdiK8gACs5b6-g
ColorlessThing,Mx4rWEE8SMH7Qded391fPyZWRQ
CommercialActivities_Financial_Topic,Mx4r6ah-jGJsQdiJf76_pi7ecw
CommonSense,Mx4rQS6kemBsEdqAAACQJw5drg
Communicating,Mx4rvViexZwpEbGdrcN5Y29ycA
Communication_Topic,Mx4rgQvTJV2xEdif1wACs2IMlQ
Comparisons_Quantity_Topic,Mx4r6vHYTGJsQdiOC6JdRNZTrQ
Competition_Social_Topic,Mx4r64gqkGJsQdiB_qBY0NmgeQ
Composition_Topic,Mx4rx3MqdGJsQdiRqZcfkD28dg
CompressedSubstance,Mx4rSC_20vNdEdeA7QACs6hRkA
ComputationalObject,Mx4rvViAO5wpEbGdrcN5Y29ycA
ComputerFileTypeByFormat,Mx4rvnlFSZwpEbGdrcN5Y29ycA
ComputerHardwareMarketCategory,Mx4rvVjYD5wpEbGdrcN5Y29ycA
ComputerMarketCategory,Mx4rwQrmPJwpEbGdrcN5Y29ycA
ComputerSoftwareMarketCategory,Mx4rvVjnhJwpEbGdrcN5Y29ycA
Computers_Topic,Mx4r6Fyq1serQdiC1scd-PaKvQ
ConceptualAbstraction,Mx4r0EwZ9r8aEdmAAAACs6hRjg
ConceptualWorkSeries,Mx4rwU8mTJwpEbGdrcN5Y29ycA
Condensing,Mx4rvgEWPZwpEbGdrcN5Y29ycA
Configuration,Mx4rvVjuI5wpEbGdrcN5Y29ycA
ConfigurationOfComplexObject,Mx4rv6BkqZwpEbGdrcN5Y29ycA
ConformingToASpecification,Mx4rdNOr7sCbQdiPq7pfzDfc0A
ConnectednessPreservingProjection,Mx4rvCAdwkAYEdqAAAACs0uFOQ
ConnectedPathSystem,Mx4rvXPttZwpEbGdrcN5Y29ycA
ConnectedPhysicalPathSystem,Mx4r9pq7VtAJEdaAAACgycbRww
Connection_Physical,Mx4rv48it5wpEbGdrcN5Y29ycA
Connections_Spatial_Topic,Mx4r7OxezmJsQdiH5s1HoDi8Dg
ConnectionsToTheComputationalSubstrate_Fundamental_Topic,Mx4r7GYTeGJsQdiKRK04fBqWIA
Connector,Mx4rvVi5c5wpEbGdrcN5Y29ycA
ConstructedHumanLanguage,Mx4rvhTVd5wpEbGdrcN5Y29ycA
ConstructionArtifact,Mx4rvVidpZwpEbGdrcN5Y29ycA
Construction_Topic,Mx4rg7yifmKPQdiTQ8D1K94qrg
ConsumableProduct,Mx4rvVjmVpwpEbGdrcN5Y29ycA
ConsumingFood_Food_Topic,Mx4r6Z27RmJsQdiPj6-I1D6JRA
ContainerArtifact,Mx4rvVjNjpwpEbGdrcN5Y29ycA
Container_Underspecified,Mx4rvbyh-JwpEbGdrcN5Y29ycA
ContainingSomething,Mx4rvVjKFpwpEbGdrcN5Y29ycA
Content,Mx4r0IhRkMb6EdmAAAACs6hRjg
Context_Topic,Mx4rg9q3tGKPQdiSaq4fiEoTpw
ContinuousTimeInterval,Mx4rcx7avnK6QdiKLYWCkThr9w
ControllingSomething,Mx4rvViMHZwpEbGdrcN5Y29ycA
ControversialAction,Mx4rvViAE5wpEbGdrcN5Y29ycA
ConventionalClassificationType,Mx4rvubaMZwpEbGdrcN5Y29ycA
CoordinatedBodyMovement,Mx4rvqdkUJwpEbGdrcN5Y29ycA
CordlikeObject,Mx4rvVj1gZwpEbGdrcN5Y29ycA
CosmeticsMarketCategory,Mx4rwP1iBJwpEbGdrcN5Y29ycA
Covering_Object,Mx4rvVkHNZwpEbGdrcN5Y29ycA
CreatingAnArtifact,Mx4rvbkWe5wpEbGdrcN5Y29ycA
Criterion,Mx4rtiEkBizjQdicSd6q-NEThQ
Cross_ConstructionArtifact,Mx4rwQBnG5wpEbGdrcN5Y29ycA
CruciformObject,Mx4rwQBnApwpEbGdrcN5Y29ycA
Crystalline,Mx4riSYy-HS_EdaAAACgyZzFrg
CulturalThing,Mx4rwThwJJwpEbGdrcN5Y29ycA
CurrentSource,Mx4rvVjaY5wpEbGdrcN5Y29ycA
CurvaceousPhysicalBuild,Mx4rvAeptHS-EdaAAACgyZzFrg
CyclicPolygon,Mx4rN8XS8P9zEdmAAAACs6hO_g
CycMetaphysics_Topic,Mx4rI5ZLoJZnQdiQBrTDmVd8VQ
DateFunctions_Time_Topic,Mx4r6IdXJmJsQdicr75A6QZoAQ
DensityOfPopulation,Mx4rvViDkZwpEbGdrcN5Y29ycA
Device_FunctionallyDefective,Mx4rmPk2qsaKEdqAAACQJw5drg
Device_Locked,Mx4rNjST7nS8EdaAAACgyZzFrg
Device_OneTimeUse,Mx4rvhoWkJwpEbGdrcN5Y29ycA
Device_Overheated,Mx4rba-D3nS7EdaAAACgyZzFrg
Device_SelfControlled,Mx4rwJG-x5wpEbGdrcN5Y29ycA
Device_SingleUser,Mx4rwQCTzpwpEbGdrcN5Y29ycA
Devices_Topic,Mx4rx7FcfGJsQdiBwe4PmNA0vQ
Device_UserControlled,Mx4rwIPuOJwpEbGdrcN5Y29ycA
Device_UserPowered,Mx4rvViU95wpEbGdrcN5Y29ycA
DeviceWithNoMovingParts,Mx4rWykw6nUIQdeScJ94fCp9bQ
DevisedPracticeOrWork,Mx4rv9p3wpwpEbGdrcN5Y29ycA
DevisedStructuredActivity,Mx4rvkzeeJwpEbGdrcN5Y29ycA
DiffuseIllumination,Mx4rmBMGkHS8EdaAAACgyZzFrg
DiningRoomFurnitureMarketCategory,Mx4rvViSOpwpEbGdrcN5Y29ycA
DirectedMultigraph,Mx4rwLoMMpwpEbGdrcN5Y29ycA
DirectedPath_Generic,Mx4rvTf20sBLEdaK5AABAxv6tg
DirectedTranslation,Mx4rvbbEIZwpEbGdrcN5Y29ycA
DisplayingSomething,Mx4rvVikupwpEbGdrcN5Y29ycA
DisposableProduct,Mx4rvgCw3pwpEbGdrcN5Y29ycA
Distance,Mx4rvViAmpwpEbGdrcN5Y29ycA
DividedPath,Mx4rzPcXHHS7EdaAAACgyZzFrg
DurativeEventType,Mx4rwNyXxJwpEbGdrcN5Y29ycA
DynamicIndexedInfoSource,Mx4rwBcktpwpEbGdrcN5Y29ycA
EconomicSector_Localized,Mx4rv0ycjJwpEbGdrcN5Y29ycA
EconomicSupport,Mx4rwDd-WZwpEbGdrcN5Y29ycA
Education_Social_Topic,Mx4r8kzcLGJsQdiCN_LwwePKyA
ElectricalConductivity_Material_Topic,Mx4r74GEjmJsQdibJMM8oCF4sQ
ElectricalSupplyMarketCategory,Mx4rvVjmkZwpEbGdrcN5Y29ycA
ElementsAndAtoms_Chemistry_Topic,Mx4r58YtYmJsQdiQUoD0e6Pixw
Emotion_Topic,Mx4rgQuFBV2xEdif1wACs2IMlQ
EnduringThing_Localized,Mx4ro3lluGJHQdiVxrZReHS-jQ
Engagement_Military,Mx4rwJ8OtZwpEbGdrcN5Y29ycA
Ensemble,Mx4rOBSEuB7EQdifldrwRlrxJw
EventOrRoleConcept,Mx4r8IAy8P-fEdmAAAACs0uFOQ
Evidence_Indication,Mx4rSWT4ar1qEdmAAAACs6hRjg
Exchange_,Mx8Ngh4rc6oKzFsKEdaAAACQJ5pZBx4rwRr9UJwpEbGdrcN5Y29ycA
ExistingObjectType,Mx4rvWXYgJwpEbGdrcN5Y29ycA
Explanation,Mx4rvW7ze5wpEbGdrcN5Y29ycA
ExternalAnatomicalPart,Mx4rvzBHPJwpEbGdrcN5Y29ycA
ExtrudedBodyPart,Mx4rwP4AEZwpEbGdrcN5Y29ycA
FailureOutcome,Mx4rh3vxRHTAEdaAAACgyZzFrg
FatPhysicalBuild,Mx4rvVjftZwpEbGdrcN5Y29ycA
FeminineHygieneMarketCategory,Mx4rwQCEppwpEbGdrcN5Y29ycA
FeminineObject,Mx4rAAxG4pCTQdeDAfZ9_5EBdA
Fermenting,Mx4rvVjtHpwpEbGdrcN5Y29ycA
FictionalThing,Mx4rwQwwBZwpEbGdrcN5Y29ycA
FieldFormats_Db_Topic,Mx4r5_19YmJsQdiFkKUC7tGuhw
FieldsOfKnowledge_Social_Topic,Mx4r8CMcpGJsQdiJsrT74dGBmQ
FileManagement_Topic,Mx4rvEcB0MkxQdiDbdgtCxHGOw
FinancialAccountTenderObject,Mx4rvVkC25wpEbGdrcN5Y29ycA
Financial_Topic,Mx4rx07mvmJsQdiM5Km79NMt0g
FirstAidMarketCategory,Mx4rwQCLUpwpEbGdrcN5Y29ycA
FiscalCycles_Time_Topic,Mx4r59BtwmJsQdiBBNTwur1D0Q
FlatObject,Mx4rIJvz5HS_EdaAAACgyZzFrg
FlatPhysicalSurface,Mx4rvViF_pwpEbGdrcN5Y29ycA
FlatRegion,Mx4rjXL9znS-EdaAAACgyZzFrg
FlatSurfaceRegion,Mx4rvViEeJwpEbGdrcN5Y29ycA
FluidFiltrationProcess,Mx4rP3AFIJ1FQdidOJS_SVP6IQ
FluidTangibleThing,Mx4rvVjR45wpEbGdrcN5Y29ycA
FollowingAStandardProcedure,Mx4rwAf1IJwpEbGdrcN5Y29ycA
FoodAndDrink_Topic,Mx4r374qmGKmEdqAAACQJw5drg
FoodProductTypeByBrand,Mx4rPVrSPAbUQdeHZfMIuGmzig
Foodstuffs_Food_Topic,Mx4r6-ZsGGJsQdiQwKPi2KJpMQ
Food_Topic,Mx4rgQtd8F2xEdif1wACs2IMlQ
FootwearMarketCategory,Mx4rwQCZsZwpEbGdrcN5Y29ycA
ForceQuantity,Mx4rAEDXAmKiEdqAAAACs6hRXg
ForceVector,Mx4rvVjHMJwpEbGdrcN5Y29ycA
FormalityOfSpeech,Mx4rv-yAspwpEbGdrcN5Y29ycA
FormalProductType,Mx4rvViqfpwpEbGdrcN5Y29ycA
Form_StandardizedIBO,Mx4rwP1osJwpEbGdrcN5Y29ycA
FreeThing,Mx4rwL9E4JwpEbGdrcN5Y29ycA
FrictionVector,Mx4rwL8L95wpEbGdrcN5Y29ycA
FrozenDessertMarketCategory,Mx4rwQB8KpwpEbGdrcN5Y29ycA
FrozenFoodMarketCategory,Mx4rwQCaYJwpEbGdrcN5Y29ycA
FunctionalAlgorithm,Mx4r1B6N2Hl4EdaAAAACs0uXdw
FunctionalRelation,Mx4rvViAo5wpEbGdrcN5Y29ycA
Function_Denotational,Mx4rvVxAsJwpEbGdrcN5Y29ycA
Functions_Fundamental_Topic,Mx4r8MH_VGJsQdiMLPUxyAPXIQ
Fundamental_Topic,Mx4rxvmRgmJsQdiYScl3Ay2VXw
FurnitureMarketCategory,Mx4rvVi9IJwpEbGdrcN5Y29ycA
FutonsMarketCategory,Mx4rvVjgQJwpEbGdrcN5Y29ycA
GamesAndPuzzlesMarketCategory,Mx4rvVjnU5wpEbGdrcN5Y29ycA
GardeningSuppliesMarketCategory,Mx4rwI7yfZwpEbGdrcN5Y29ycA
GeneralAnimalAnatomy_Physiology_Topic,Mx4r80T6sGJsQdif5LLZ8O3D5A
GeneralAutoMarketCategory,Mx4rvVi2YpwpEbGdrcN5Y29ycA
GeneralMedicine_Topic,Mx4rxyldImJsQdiCRsS0rU16SQ
GenericPharmacyProductType,Mx4rwP31-JwpEbGdrcN5Y29ycA
GenericPharmacyProductType_NameOnly,Mx4rwHBxKJwpEbGdrcN5Y29ycA
GeographicalAgent,Mx4rwTccApwpEbGdrcN5Y29ycA
GeographicalDirection,Mx4rvVjb25wpEbGdrcN5Y29ycA
GeographicalDirection_General,Mx4rwNh8jpwpEbGdrcN5Y29ycA
Geography_Topic,Mx4rgQuFAV2xEdif1wACs2IMlQ
Granular,Mx4rDliWrHS-EdaAAACgyZzFrg
GroceryMarketCategory,Mx4rvVj2YpwpEbGdrcN5Y29ycA
Group,Mx4rvVjmoJwpEbGdrcN5Y29ycA
HairCareMarketCategory,Mx4rvVkFsZwpEbGdrcN5Y29ycA
HardcopyInformationBearingObject,Mx4rvVjgDpwpEbGdrcN5Y29ycA
HardwareMarketCategory,Mx4rvVjAYJwpEbGdrcN5Y29ycA
HealthAndBeautyMarketCategory,Mx4rvVkF7JwpEbGdrcN5Y29ycA
Healthcare_Topic,Mx4r_6rArpfxQdiPsOaubG-ucQ
HealthFoodMarketCategory,Mx4rwQCIQ5wpEbGdrcN5Y29ycA
HelpingAnAgent,Mx4rwQBn8ZwpEbGdrcN5Y29ycA
HexalateralObject,Mx4rwSPlAZwpEbGdrcN5Y29ycA
HistoricTemporalThing,Mx4rvgLGxpwpEbGdrcN5Y29ycA
Holdings,Mx4rvVjcj5wpEbGdrcN5Y29ycA
Holidays_Time_Topic,Mx4r6wY78mJsQdiS-rxQlDg9ug
HomeElectronicsMarketCategory,Mx4rvVj3IpwpEbGdrcN5Y29ycA
HomogeneousStructure,Mx4rplth0i0GEdiLGQACs5b6-g
HosieryMarketCategory,Mx4rwQCcGZwpEbGdrcN5Y29ycA
HostedSocialGathering,Mx4rlGhACA6AEdqAAAACs6hbjw
HouseholdLinensMarketCategory,Mx4rwP1kM5wpEbGdrcN5Y29ycA
HousewaresMarketCategory,Mx4rvViGNpwpEbGdrcN5Y29ycA
HumanAccessibleIBO,Mx4rvdCO4pwpEbGdrcN5Y29ycA
HumanAccessibleIBT,Mx4rvrtS6JwpEbGdrcN5Y29ycA
HumanActivities_Topic,Mx4r06t60pfuQdiW-Jnpo4GEow
HumanActivity,Mx4rvViN65wpEbGdrcN5Y29ycA
HumanBeings_Topic,Mx4rSJwyXpfwQdiSUpdq9aGX-w
HumanlyOccupiedSpatialObject,Mx4rvVjTcpwpEbGdrcN5Y29ycA
HumanOccupationConstruct,Mx4rvVigNpwpEbGdrcN5Y29ycA
HumanScaleObject,Mx4rvVkGrZwpEbGdrcN5Y29ycA
HumanSelfControlStandard,Mx4rvhleCZwpEbGdrcN5Y29ycA
HumanShelterConstruction,Mx4rvVjNP5wpEbGdrcN5Y29ycA
HungerAndMalnutrition_Food_Topic,Mx4r8p_juGJsQdiJeJNYN4FuVg
IBTGeneration,Mx4rvXDRVpwpEbGdrcN5Y29ycA
ImitationOfIndividual,Mx4rvcM17pwpEbGdrcN5Y29ycA
Improvement_Transformation,Mx4rwuvVYskkEdmAAAACs6hRjg
Inaction,Mx4rEMBbJCqmQdiKROxsNv6KvA
InanimateObject,Mx4rvVkF6pwpEbGdrcN5Y29ycA
InanimateObject_Natural,Mx4rvakVVZwpEbGdrcN5Y29ycA
InanimateObject_NonNatural,Mx4rwNwL8ZwpEbGdrcN5Y29ycA
IncreaseAction,Mx4rwPf6W5wpEbGdrcN5Y29ycA
IndependentThing,Mx4rW2hvglP_QdeCz45WVCqHEw
Individual,Mx4rvVjaApwpEbGdrcN5Y29ycA
IndividualAgent,Mx4rvVilYpwpEbGdrcN5Y29ycA
IndividualDenotingFunction,Mx4rvVj62ZwpEbGdrcN5Y29ycA
Indulgence,Mx4rLtU54incQdiBsc2HMOiojg
IndustrialConcept,Mx4rpzEQGP7AEdmAAAACs0uFOQ
Industry_Localized,Mx4rvVjiyJwpEbGdrcN5Y29ycA
InfiniteSpatialThing,Mx4rvv7oRMyVEdmAAAACs0uFOQ
InformationBearingObject,Mx4rvVj2rJwpEbGdrcN5Y29ycA
InformationBearingPerformance,Mx4r91wozoppQdiaD8bwuOqQPg
InformationBearingThing,Mx4rvkNufpwpEbGdrcN5Y29ycA
InformationBearingWavePropagation,Mx4rv4NEApwpEbGdrcN5Y29ycA
InformationDesignation,Mx4r7kb_3HSwEdaAAACgyZzFrg
InfrastructureIndustry,Mx4rvqQ6b5wpEbGdrcN5Y29ycA
InfrastructureProduct,Mx4rvoE5zpwpEbGdrcN5Y29ycA
Ingesting,Mx4rvViI65wpEbGdrcN5Y29ycA
InorganicMaterial,Mx4rvVkKBZwpEbGdrcN5Y29ycA
InstrumentalArtifact,Mx4rcNoo_rtWEdmAAAACs6hRjg
IntangibleExistingThing,Mx4rvVixI5wpEbGdrcN5Y29ycA
IntangibleIndividual,Mx4rvVjj45wpEbGdrcN5Y29ycA
IntelligentAgent,Mx4rvVinb5wpEbGdrcN5Y29ycA
IntelligentAgentActivity,Mx4rGGsQIeqUEdqTjAACs6hPlA
InterAgentSupportQuantity,Mx4rvjvL65wpEbGdrcN5Y29ycA
Interests_Social_Topic,Mx4r6Pr8CGJsQdiLJ_aUYTIaHg
InternetSoftwareMarketCategory,Mx4rvWCjf5wpEbGdrcN5Y29ycA
InvoluntaryBodyMovement,Mx4rvVkGYpwpEbGdrcN5Y29ycA
IrrationalNumber,Mx4rvVjyaZwpEbGdrcN5Y29ycA
JunctionOfPaths,Mx4rwPu9xJwpEbGdrcN5Y29ycA
KitchenFurnishingsMarketCategory,Mx4rwP1MpJwpEbGdrcN5Y29ycA
KnickKnackMarketCategory,Mx4rvsFl-ZwpEbGdrcN5Y29ycA
Knowledge_Attitude_Topic,Mx4r7w8Y6mJsQdib78YLdZgXTw
LandlockedGeopoliticalEntity,Mx4rwTpvCZwpEbGdrcN5Y29ycA
LargeApplianceMarketCategory,Mx4rvVjvO5wpEbGdrcN5Y29ycA
LaundryEquipmentMarketCategory,Mx4rvd_m6pwpEbGdrcN5Y29ycA
LaundrySuppliesMarketCategory,Mx4rvVjwIZwpEbGdrcN5Y29ycA
LawnAndGardenMarketCategory,Mx4rvVj4LJwpEbGdrcN5Y29ycA
Lexicon_Topic,Mx4rxnHKNmJsQdiOKpH6l_RCpA
LifeStages_Social_Topic,Mx4r7h_qBGJsQdiC1qmXVoac9Q
LifeThreateningCondition,Mx4rwP1QsZwpEbGdrcN5Y29ycA
LightingMarketCategory,Mx4rvVjoNpwpEbGdrcN5Y29ycA
LinearObject,Mx4r6A7z1B5sQdedAK6n_bYxDg
Line_Directed,Mx4rKPpHLkZYEdaAAABQ2rksLw
LineOfObjects,Mx4rvWDFCpwpEbGdrcN5Y29ycA
LineSegment,Mx4rvpeTbpwpEbGdrcN5Y29ycA
LinguisticConceptExtraction,Mx4rWTxInLG8EdmAAAACs4vPlg
LinguisticObject,Mx4rvVjQ-5wpEbGdrcN5Y29ycA
LinguisticQuantity,Mx4rvVjWsZwpEbGdrcN5Y29ycA
Linguistic_Topic,Mx4rxtE-YmJsQdiYj6ZMkWZNPw
LiquidSolution,Mx4rvZey-5wpEbGdrcN5Y29ycA
Liquid_StateOfMatter,Mx4rvVkJSJwpEbGdrcN5Y29ycA
LiquidTangibleArtifact,Mx4rvVjvgJwpEbGdrcN5Y29ycA
LiquidTangibleThing,Mx4rvVjSoJwpEbGdrcN5Y29ycA
LogicAndMath_Topic,Mx4rtlnXIJZkQdiLpdqCbDfT3A
LookingForAThingOrTypeOfThing,Mx4rvYoLMZwpEbGdrcN5Y29ycA
LossOfUserRights_PossTransfer_Topic,Mx4r6lJ1VGJsQdiQJJtCU2ltHg
LuggageMarketCategory,Mx4rvViTL5wpEbGdrcN5Y29ycA
MachineProtocol,Mx4rxo_VAfHDEdaO6gABAkLVdg
MailableObject,Mx4rvVjW15wpEbGdrcN5Y29ycA
MaintainingSomething,Mx4rvVjC25wpEbGdrcN5Y29ycA
MakingSomething,Mx4rvVj-OJwpEbGdrcN5Y29ycA
ManMadeThing,Mx4rcqzAtHS6EdaAAACgyZzFrg
MarketTypeByProductSold,Mx4rlKxg8kPjQdmfR5oByCeXYw
MasculineObject,Mx4rA-d18pCTQdeEdPlApnaZdA
MassOrSpatialQuantity,Mx4rKuU0Cp6nQdicMcnXwyF2yA
Material_Topic,Mx4rx6QOCmJsQdibPdi4df59CQ
MathematicalFunctions_Fundamental_Topic,Mx4r6KM27mJsQdiZq9jRi8at7w
MathematicalObject,Mx4rv0YfN5wpEbGdrcN5Y29ycA
MathematicalOrComputationalThing,Mx4rvVjjH5wpEbGdrcN5Y29ycA
MathematicalStatement,Mx4rovt5-M3mEdmAAAACs6hRjg
MathematicalThing,Mx4rvVjltpwpEbGdrcN5Y29ycA
Math_Topic,Mx4rx1imImJsQdiEGISAaLVD9A
MeatCounterMarketCategory,Mx4rwQCOHZwpEbGdrcN5Y29ycA
MedicalCareProviders_GeneralMedicine_Topic,Mx4r6QTEImJsQdiXN4FQf8qkaQ
MedicalMarketCategory,Mx4rvVir3ZwpEbGdrcN5Y29ycA
Medical_Topic,Mx4rhBXSzGKPQdib5fD-syfj8Q
Medicine_Other_Topic,Mx4rg9O-qmKPQdiIx_0IyhwI6A
MensFormalWearMarketCategory,Mx4rwQB84JwpEbGdrcN5Y29ycA
MereotopologyConcept,Mx4rixW2aOKgEdmAAAACs6hfSg
Metal_Chemistry_Topic,Mx4r7pBGeGJsQdiBLfwiAFattg
MicroscopicScaleObject,Mx4rvViRrJwpEbGdrcN5Y29ycA
MiddleClass,Mx4rvViw25wpEbGdrcN5Y29ycA
MilitaryOrganizationConcept,Mx4roClzfvSSEdmAAAACs0uFOQ
MilitaryThing_SpatiallyLocalized,Mx4rM6gQoNbeEdqAAAACs2IKaQ
MiscellaneousOrganizationConstants_Organization_Topic,Mx4r8KLaPmJsQdiU3-y2duxtPA
Mixture,Mx4rvVjon5wpEbGdrcN5Y29ycA
MobilityCorridor,Mx4rvcZH1JwpEbGdrcN5Y29ycA
MonetaryRate,Mx4rvVjrf5wpEbGdrcN5Y29ycA
MoneyAndCommerce_Topic,Mx4rn5VlJmOHEdqAAACQJw5drg
MoneyAndIncome_Financial_Topic,Mx4r6W3V8mJsQdiagt38z5qkLQ
MoneyAndPrice_PossTransfer_Topic,Mx4r56eeEGJsQdiTqsCVYVIyig
MotionPictureAwardCategory,Mx4rvyhN85wpEbGdrcN5Y29ycA
Movement_Topic,Mx4rgQuFAl2xEdif1wACs2IMlQ
MovieTypeByGenre,Mx4rhz6DbnSwEdaAAACgyZzFrg
MultiIndividualAgent,Mx4rvZGAFpwpEbGdrcN5Y29ycA
MultiIndividualAgent_Intelligent,Mx4rZbbuIoGbQdeH0rnP7Ube6Q
MultiPurposeDevice,Mx4rvVjyaJwpEbGdrcN5Y29ycA
MusicalInstrumentMarketCategory,Mx4rvVjnEJwpEbGdrcN5Y29ycA
MythologicalThing,Mx4rwPfmZpwpEbGdrcN5Y29ycA
NailCareMarketCategory,Mx4rwQCTMpwpEbGdrcN5Y29ycA
Narrative,Mx4rvViIbJwpEbGdrcN5Y29ycA
NaturalLanguageProcessing_Topic,Mx4rO_dgIJfzQdiR0e8EpqiLnQ
NaturalResourceType,Mx4rwMc3h5wpEbGdrcN5Y29ycA
NaturalThing,Mx4rvn7CU5wpEbGdrcN5Y29ycA
NaturalWorld_Topic,Mx4rXRqJuJftQdiHG-84BYPk-w
NonAspectualQuantity,Mx4r_epjym32QdiErOQgiZziZQ
NonFluidlikeTangibleThing,Mx4r_lvetnS5EdaAAACgyZzFrg
NonintrusiveJunction,Mx4rvpoUvJwpEbGdrcN5Y29ycA
NonNaturalThing,Mx4rvYNNKZwpEbGdrcN5Y29ycA
NonPersonAnimal,Mx4rvVjgZpwpEbGdrcN5Y29ycA
NonPoweredDevice,Mx4rvVkEHJwpEbGdrcN5Y29ycA
NonPublishedText,Mx4rvVjFmZwpEbGdrcN5Y29ycA
NonZeroNumber,Mx4rAlklKAFzQdeLvYMxJdzugg
NormativeSpecification,Mx4rlvOL4mY1QdiY7KN-1Xb3Fw
NuclearRelatedThing,Mx4r3vQJarx9QdeGGPQH_GGikg
ObjectSpecification,Mx4rvViCfJwpEbGdrcN5Y29ycA
Object_SupportingFurniture,Mx4rvgCuEZwpEbGdrcN5Y29ycA
ObjectType,Mx4rvVirnZwpEbGdrcN5Y29ycA
Obligation,Mx4rvVi_0JwpEbGdrcN5Y29ycA
ObtainingAndStoringKnowledge,Mx4rZgpaDMkqEdmAAAACs6hRjg
OfficeProductMarketCategory,Mx4rvVj8VpwpEbGdrcN5Y29ycA
OfficialDocument,Mx4rvViXG5wpEbGdrcN5Y29ycA
Opaque,Mx4rvVE41HS6EdaAAACgyZzFrg
OpenArea,Mx4rwQrcipwpEbGdrcN5Y29ycA
OpenSpaceContent,Mx4rvVkBJpwpEbGdrcN5Y29ycA
Opinion_Attitude_Topic,Mx4r7JpGwGJsQdidd6KvGWlilw
OpticalMarketCategory,Mx4rvVjHPpwpEbGdrcN5Y29ycA
OrganismByHabitat_Biology_Topic,Mx4r7Qr85GJsQdidQe_AZttZzw
OrganismBySourceOfNutrients_Biology_Topic,Mx4r6pAxyGJsQdiU3qIVaLKauw
OrganismByTaxonomicKingdom_Biology_Topic,Mx4r8ab_qmJsQdiITKBDvvSisg
OrganismPart,Mx4rwQBXZpwpEbGdrcN5Y29ycA
OrganismParts_Biology_Topic,Mx4r73dhwGJsQdiG39drSmr6hA
OrganismVarietyBySize,Mx4r_uKcfltfQdiVSs-evVkp3A
Organization_AnimalActivity,Mx4r4CJeFrviEdmAAAACs6hRjg
OrganizationBySector,Mx4rwDnPO5wpEbGdrcN5Y29ycA
OrganizationOfPeopleOnly,Mx4rvkr6f5wpEbGdrcN5Y29ycA
Organization_Topic,Mx4rx2KfiGJsQdiQiLv2fMmfPg
OrganizationType,Mx4rcFSOrlb3EdaAAACQJ5pZBw
OrganizationTypeByActivityType,Mx4rv392vpwpEbGdrcN5Y29ycA
OutdoorAccessoryMarketCategory,Mx4rvYOIZZwpEbGdrcN5Y29ycA
OutdoorFurnitureMarketCategory,Mx4rvViNiJwpEbGdrcN5Y29ycA
PackagedCerealMarketCategory,Mx4rwQCR75wpEbGdrcN5Y29ycA
PackagingContainerProduct,Mx4rwQrmz5wpEbGdrcN5Y29ycA
PartiallyIntangible,Mx4rvVj3tpwpEbGdrcN5Y29ycA
PartiallyIntangibleIndividual,Mx4rwBObNJwpEbGdrcN5Y29ycA
PartiallyTangible,Mx4rvVj27ZwpEbGdrcN5Y29ycA
PartiallyTangibleTypeByPhysicalFeature,Mx4rkoD4DnStEdaAAACgyZzFrg
Particle,Mx4rvVj0fpwpEbGdrcN5Y29ycA
Partition_ConstructionArtifact,Mx4rFtBffrteEdmAAAACs6hRjg
Parts_Topic,Mx4rhATvemKPQdiJK8yNdfOTEg
PathArtifact,Mx4rvViOopwpEbGdrcN5Y29ycA
PathArtifactSystem,Mx4rvmCrpZwpEbGdrcN5Y29ycA
Path_Customary,Mx4rvuh8yZwpEbGdrcN5Y29ycA
PathForWheeledVehicles,Mx4rvVkCmpwpEbGdrcN5Y29ycA
Path_Generic,Mx4rwRCCC5wpEbGdrcN5Y29ycA
Path_InfoTransfer,Mx4rvY1q75wpEbGdrcN5Y29ycA
Path_Spatial,Mx4rwJXokJwpEbGdrcN5Y29ycA
PeopleRelatedToOrganizations_Organization_Topic,Mx4r6gcCuGJsQdibkcigPQFJ3A
PerCapitaRatioQuantity,Mx4rvViB5ZwpEbGdrcN5Y29ycA
Perception_Topic,Mx4rgQuFBF2xEdif1wACs2IMlQ
Permission,Mx4rvViv2pwpEbGdrcN5Y29ycA
PersonalProduct,Mx4rvVkG8pwpEbGdrcN5Y29ycA
PersonalQuantity,Mx4rxo0Sbs0CQdeM2uTJ6sHUvA
PersonTypeByPersonalityTrait,Mx4rvVitYJwpEbGdrcN5Y29ycA
PersonWithOccupation,Mx4rvVjnN5wpEbGdrcN5Y29ycA
PetProductMarketCategory,Mx4rvVjdnZwpEbGdrcN5Y29ycA
PhysicalDatabases_Db_Topic,Mx4r57E0XGJsQdiTRamr_J2y0w
PhysicalField,Mx4rvWH8s5wpEbGdrcN5Y29ycA
PhysicalFilter,Mx4rvVizJZwpEbGdrcN5Y29ycA
PhysicalImpactBuffer,Mx4rvViS4pwpEbGdrcN5Y29ycA
PhysicalLayerProtocol,Mx4rwKqMVZwpEbGdrcN5Y29ycA
PhysicalPartOfObject,Mx4rvVid6ZwpEbGdrcN5Y29ycA
PhysicalQuantity,Mx4rhywBFkT6EdaAAACgye4oEQ
PhysicalSituation,Mx4re9xIiIY2QdeJTZ6U45diZg
PhysicalStuffAndObjects_Topic,Mx4rxxE5BJZvQdiPKZwD6Ie2MQ
PhysicalTransformationProcess,Mx4rvVibh5wpEbGdrcN5Y29ycA
Physics_Topic,Mx4rg8W7hGKPQdiOB4C1bb-JSQ
Physiology_Topic,Mx4rx32TYGJsQdiMCOskvd6_pQ
PlanarPointSet,Mx4rvXaIeJwpEbGdrcN5Y29ycA
PlantPart,Mx4rvVjub5wpEbGdrcN5Y29ycA
PlantsByBotanicalTaxonomy_Biology_Topic,Mx4r6lzm4mJsQdiILIegGKJmaw
PlantsByGrossForm_Biology_Topic,Mx4r6Acy5GJsQdiXC6SkyCwccA
PlantsBySeasonalChange_Biology_Topic,Mx4r8JWrrGJsQdiCmJ_Yga2wNA
PluralityOfLikeSubevents,Mx4rvcG6GpwpEbGdrcN5Y29ycA
Policy,Mx4r5bIxEILrQdmRDo8nIKJuMw
PolyAtomicChemicalObject,Mx4r0khSnvXQQdaQPNav9zMM-A
PolygonSet,Mx4rcXV86tepEdmAAAACs6hO_g
PopulationClassificationTerms_Social_Topic,Mx4r7BAwUmJsQdiKduhZOVZIlQ
PortableObject,Mx4rvViBMZwpEbGdrcN5Y29ycA
Portal,Mx4rvVjVl5wpEbGdrcN5Y29ycA
PossTransfer_Topic,Mx4rxnyG2GJsQdiDeMmevkmR0Q
PreOwnedForSaleObject,Mx4rvVimYJwpEbGdrcN5Y29ycA
PrescriptionDrugMarketCategory,Mx4rwP1IFZwpEbGdrcN5Y29ycA
Probability_Topic,Mx4rg_a2gGKPQdiS9dYSV7YWxg
ProcessType,Mx4rsptUGhfiQdmQ1dIv6htA7Q
ProduceMarketCategory,Mx4rwQCQYZwpEbGdrcN5Y29ycA
ProductsAndMarketing_Financial_Topic,Mx4r8qqffmJsQdid4bgxJCjHng
ProductType,Mx4rvVjKkZwpEbGdrcN5Y29ycA
ProductTypeByBrand,Mx4rvom2E5wpEbGdrcN5Y29ycA
ProductTypeByBrandVersion,Mx4rwFrR-5wpEbGdrcN5Y29ycA
ProductTypeByMarketCategory,Mx4rvVi84ZwpEbGdrcN5Y29ycA
Professional,Mx4rIyAGDNjVQdeGSow5SkAtFQ
Professional_Adult,Mx4rvooD95wpEbGdrcN5Y29ycA
ProfessionalCulture,Mx4rwJp_ypwpEbGdrcN5Y29ycA
Professional_Topic,Mx4rxzSXFGJsQdiPm7iJx0vUcg
PropositionalAttitudes_Topic,Mx4rgQvTIl2xEdif1wACs2IMlQ
PropositionalConceptualWork,Mx4rv5L5vZwpEbGdrcN5Y29ycA
PropositionalInformationThing,Mx4rvViAqJwpEbGdrcN5Y29ycA
Proposition_ConceptuallyTrue,Mx4rkT0mapDVQdmdKNAPmY9NSQ
Proposition_True,Mx4rsak66gUwEdqAAAACs2IKaQ
ProtectionSituation,Mx4riN47rn8gEdaAAABQ2sS97g
Purity_Chemistry_Topic,Mx4r7EYp5mJsQdiMpfgfbH1bjg
Purity_Composition_Topic,Mx4r6eTCSGJsQdibGt2G_kzkUg
PurposefulAction,Mx4rvVieP5wpEbGdrcN5Y29ycA
PurposefulPhysicalAction,Mx4rvrOVYpwpEbGdrcN5Y29ycA
Quantity_Topic,Mx4rxxLJmmJsQdicDtqqpeU2Lw
Question_IBT,Mx4rrGMp8PDVQdaSupKiIKZZZA
RadiallySymmetricObject,Mx4rvVkG_5wpEbGdrcN5Y29ycA
RaisingLivingThings,Mx4rvVjDX5wpEbGdrcN5Y29ycA
Rash_Object,Mx4rvVjthZwpEbGdrcN5Y29ycA
RasterArray,Mx4rvVj4IZwpEbGdrcN5Y29ycA
ReclinerChairsMarketCategory,Mx4rvVi2_pwpEbGdrcN5Y29ycA
RelationalStructures_Math_Topic,Mx4r8xDVUGJsQdiYHoJIbsGYnw
Relations_Fundamental_Topic,Mx4r8dn7-GJsQdiaYtfH_lbuHw
RelationshipsAmongOrganizations_Organization_Topic,Mx4r7Hl_-GJsQdiSvI4uiwSMIw
Relationships_Social_Topic,Mx4r8t77omJsQdiHzPlvDN1tiw
Residence_Social_Topic,Mx4r69zC2mJsQdiQ9fM19gTpIA
Resources,Mx4rwMV1_ZwpEbGdrcN5Y29ycA
RestaurantOrg_WithoutWaitstaff,Mx4rlHpJ7N9RQdibosuHJNH91Q
RestaurantOrg_WithWaitstaff,Mx4rknL08N9RQdibYOc0dYtrtA
RevengeAction,Mx4rv2oiR5wpEbGdrcN5Y29ycA
RowOfObjects,Mx4rwPzkD5wpEbGdrcN5Y29ycA
ScalarDenotingFunction,Mx4roS4vSuU-QdeFL6sVgKnbVg
ScalarOrVectorInterval,Mx4rRh__wMhMQdeRr7ffGIZWMw
ScalarQuantity,Mx4rLxknOmVZQdeQUJLqO_1Uzg
SchoolSuppliesMarketCategory,Mx4rvVjEiJwpEbGdrcN5Y29ycA
ScienceAndNature_Topic,Mx4rji8_pGKnEdqAAACQJw5drg
SemiSolidTangibleThing,Mx4rvgDMOpwpEbGdrcN5Y29ycA
Sensors_Perception_Topic,Mx4r6sYzQGJsQdiLaOtDBgT2Iw
SerialNumber_String,Mx4rvVjDUJwpEbGdrcN5Y29ycA
SetOrCollection,Mx4rvVjl_ZwpEbGdrcN5Y29ycA
SetOrCollectionType,Mx4rv93EfJwpEbGdrcN5Y29ycA
SetTheory,Mx4rv36W7ZwpEbGdrcN5Y29ycA
SewingSuppliesMarketCategory,Mx4rvVjNIZwpEbGdrcN5Y29ycA
ShavingSuppliesMarketCategory,Mx4rvVjiH5wpEbGdrcN5Y29ycA
SheetOfSomeStuff,Mx4rvVkGbpwpEbGdrcN5Y29ycA
ShortPhysicalBuild,Mx4rvvvbkZwpEbGdrcN5Y29ycA
SinglePurposeDevice,Mx4rvViXqpwpEbGdrcN5Y29ycA
SingleSiteOrganization,Mx4rvWeI6ZwpEbGdrcN5Y29ycA
Situation,Mx4rvYjIS5wpEbGdrcN5Y29ycA
SituationalObjectType,Mx4rwLykOHOUQdiEVsNFRFjNsw
Situation_Localized,Mx4rcSNkdoY2QdeItLdUnrMhPA
SkinCareMarketCategory,Mx4rwQCGP5wpEbGdrcN5Y29ycA
SmallApplianceMarketCategory,Mx4rvVjRvpwpEbGdrcN5Y29ycA
SnackFoodMarketCategory,Mx4rwQCDtJwpEbGdrcN5Y29ycA
SocialBeing,Mx4rvViknpwpEbGdrcN5Y29ycA
SocialClass_Social_Topic,Mx4r8GwFhmJsQdiYyv7D5H3v2A
SocialOccurrence,Mx4rvViPO5wpEbGdrcN5Y29ycA
Social_Topic,Mx4rxuu87GJsQdiTBIkT83x89g
SoftwareObject_Individual,Mx4rvcUMxZwpEbGdrcN5Y29ycA
SolidAnimalMatter,Mx4rvVjGb5wpEbGdrcN5Y29ycA
Solid_StateOfMatter,Mx4rvVjZVpwpEbGdrcN5Y29ycA
SolidTangibleArtifact,Mx4rvVjPmpwpEbGdrcN5Y29ycA
Solubility_Material_Topic,Mx4r8bIn9GJsQdiWy5VFBlOjqQ
SomethingExisting,Mx4rvVi255wpEbGdrcN5Y29ycA
SomethingToWearPart,Mx4rvVkEA5wpEbGdrcN5Y29ycA
SoundInformationBearingThing,Mx4rvVjIvpwpEbGdrcN5Y29ycA
SpatialThing_Localized,Mx4rwS68M5wpEbGdrcN5Y29ycA
Spatial_Topic,Mx4rxrgL1mJsQdiVJa3gLrEc2A
SpecificAnimalBodyParts_Physiology_Topic,Mx4r7Dj8vGJsQdiA3MBb5Jrpdw
SpecificPhysiologicalProcesses_Physiology_Topic,Mx4r8Z0GJmJsQdiP8sROiv2Zlg
SportingGoodsMarketCategory,Mx4rvVjbxpwpEbGdrcN5Y29ycA
StandardAutoMarketCategory,Mx4rvVi2o5wpEbGdrcN5Y29ycA
StandardAutoServiceMarketCategory,Mx4rvVis-ZwpEbGdrcN5Y29ycA
States_Device_Topic,Mx4r8wbydGJsQdiL5OK4cHaVOQ
StationeryMarketCategory,Mx4rvViDxpwpEbGdrcN5Y29ycA
Strategy,Mx4rvViB_5wpEbGdrcN5Y29ycA
StrictlyMentalEvent,Mx4rvkjZ1pwpEbGdrcN5Y29ycA
StringObject,Mx4rGxWKd1L1EdaCtgACs0uXdw
StripNearTheBoundaryOfAnObject,Mx4rjS7DsrtQEdmAAAACs6hRjg
StructuredKnowledgeSource,Mx4rmUy0ojIYEdaAAACQJ5pZBw
StudentByEducationalOrganizationLevel,Mx4rv8LoWJwpEbGdrcN5Y29ycA
StuffType,Mx4rvVir35wpEbGdrcN5Y29ycA
Sub_AtomicParticles_Chemistry_Topic,Mx4r8OFv7GJsQdiAtrNm3WsivQ
Surface,Mx4rvg1ZeJwpEbGdrcN5Y29ycA
SurfaceForceVector,Mx4rvVjRRJwpEbGdrcN5Y29ycA
SurfaceGeometryConcept,Mx4rKK8crFF4EdqAAAACs6hO_g
SurfaceRegion_Infinite,Mx4r5i-xhs1oEdmAAAACs0uFOQ
SymbolicObject,Mx4rvVjPJpwpEbGdrcN5Y29ycA
SymbolicThing,Mx4rwKrQNpwpEbGdrcN5Y29ycA
System,Mx4rv9Xu1ZwpEbGdrcN5Y29ycA
SystemOfDevices,Mx4rvtDG45wpEbGdrcN5Y29ycA
TacticalArea,Mx4rYAIq9vUmQdeSsZvqsnSgjw
TakingCareOfSomething,Mx4rvVjQ-JwpEbGdrcN5Y29ycA
TallPhysicalBuild,Mx4rwRN2lJwpEbGdrcN5Y29ycA
Technology_Artifact,Mx4rAuvUYC-RQdmc-9BTep9nKQ
TemporallyContinuousThing,Mx4rsiBgFCq8EdqAAAACs0uFOQ
TemporallyExtendedThing,Mx4rHKjaLCB0EdqAAAAH6Q2Zvw
TemporalObjectType,Mx4rvViq35wpEbGdrcN5Y29ycA
TemporalStuffType,Mx4rvVitN5wpEbGdrcN5Y29ycA
TemporalThing,Mx4rvViAxJwpEbGdrcN5Y29ycA
TenderObject,Mx4rvVjEcJwpEbGdrcN5Y29ycA
TerrainConcept,Mx4rviqcJv7FEdmAAAACs0uFOQ
Terrorism_Topic,Mx4rSuNLCPsCEdmAAAACs6hcqg
TheCalendar_Time_Topic,Mx4r6qXUEGJsQdiEyc4qbDcGiw
ThePhysicalUniverse,Mx4rvgTOmJwpEbGdrcN5Y29ycA
ThermalConductivity_Material_Topic,Mx4r8WBgQGJsQdidY9POC3DVaA
Thing,Mx4rvViA9JwpEbGdrcN5Y29ycA
Thinking,Mx4rvViHGJwpEbGdrcN5Y29ycA
Thinking_NonPurposeful,Mx4rvViHXJwpEbGdrcN5Y29ycA
TimeInterval,Mx4rvViAw5wpEbGdrcN5Y29ycA
TimePoints_Time_Topic,Mx4r7l1YWGJsQdiFvJt3b2PDIg
Time_Quantity,Mx4rvViApZwpEbGdrcN5Y29ycA
Time_Topic,Mx4rxlVRbGJsQdiEmZThnYCXnQ
TitlesAndNames_Social_Topic,Mx4r6DnfMmJsQdiLMLRvDkGP0A
TobaccoSuppliesMarketCategory,Mx4rv7DQaHpdQdeS5oaeNv40jg
ToothCareMarketCategory,Mx4rvVjh3ZwpEbGdrcN5Y29ycA
ToysMarketCategory,Mx4rvVi18ZwpEbGdrcN5Y29ycA
TranscendentalNumber,Mx4rNg-zlHbzQdmFOasy86iwmw
TransportationContainerProduct,Mx4rvVjUQJwpEbGdrcN5Y29ycA
Transportation_Topic,Mx4rgQtd9F2xEdif1wACs2IMlQ
TravelProductsMarketCategory,Mx4rv__3zZwpEbGdrcN5Y29ycA
TriggerableDevice,Mx4rXf6L7smcEdqAAACQJw5drg
TupleOfIntervals,Mx4rvVjsVZwpEbGdrcN5Y29ycA
UniqueID,Mx4rvVi7GJwpEbGdrcN5Y29ycA
UnitedStates_Geography_Topic,Mx4r6ORLIGJsQdiWWtw-hTd1kw
UnitOfMeasureConcept,Mx4rC-8cJgBpEdqAAAACs0uFOQ
UnitVectorInterval,Mx4rvVjrDJwpEbGdrcN5Y29ycA
UniversalConstant,Mx4rvVj735wpEbGdrcN5Y29ycA
UnversionedSoftwareObject,Mx4rvvhA5pwpEbGdrcN5Y29ycA
UpperClass,Mx4rvVigxpwpEbGdrcN5Y29ycA
UsedFurnitureMarketCategory,Mx4rvVkH2ZwpEbGdrcN5Y29ycA
UtilityFurnitureMarketCategory,Mx4rvViqjJwpEbGdrcN5Y29ycA
VectorField,Mx4rCkakrkynEdqAAAACs6hO_g
VectorInterval,Mx4rvVjsEpwpEbGdrcN5Y29ycA
Vector_Precise,Mx4rvVjdhpwpEbGdrcN5Y29ycA
VectorQuantity,Mx4rSn2dbK46EdqAAAACs6hRXg
Vectors_Math_Topic,Mx4r8rRyfmJsQdiEvK-aX6H8Pg
VertebratesByTaxonomicClass_Biology_Topic,Mx4r67q9jmJsQdiARbFhcordNA
VideoRecordedObject,Mx4rvo74Z5wpEbGdrcN5Y29ycA
VisibleFeatureType,Mx4r4WH6hMdNEdaAAACQJ5paaQ
VisualInformationBearingThing,Mx4rvVjPtpwpEbGdrcN5Y29ycA
VisualInformationGeneratingAct,Mx4rvVj2ZpwpEbGdrcN5Y29ycA
WaterbedMarketCategory,Mx4rvViyf5wpEbGdrcN5Y29ycA
WaterBodyConcept,Mx4rrwTJ-v7BEdmAAAACs0uFOQ
WaterSurfacePath,Mx4rwP1QU5wpEbGdrcN5Y29ycA
WaterSurfaceTransportation,Mx4rv1lQaJwpEbGdrcN5Y29ycA
Wave_Topic,Mx4rxpONxGJsQdiG7JG1azI1Og
WeatherAttributes_Weather_Topic,Mx4r531Y5GJsQdiPPKv76kl4-g
WeatherEvents_Weather_Topic,Mx4r7qPQMGJsQdiEhLuyYbpTBw
WeatherObjects_Weather_Topic,Mx4r7Fs6mGJsQdiGhvnwn1lehQ
Weather_Topic,Mx4rgQs24l2xEdif1wACs2IMlQ
WheeledTransportationDevice,Mx4rwHLvC5wpEbGdrcN5Y29ycA
WorkingProcess,Mx4rvVjg5JwpEbGdrcN5Y29ycA
EconomicalQuantity,Mx4r0kgX-GVaQdea7Z57nVWtVw
TimeOfDay,Mx4rvViG9ZwpEbGdrcN5Y29ycA
The_union_of__types_of_thing_predicates_,Mx8Ngh4rvrhK-JwpEbGdrcN5Y29ycA2DHiu9WOR2nCkRsZ2tw3ljb3JwHiu9WIDMnCkRsZ2tw3ljb3JwHiu9WIDWnCkRsZ2tw3ljb3Jw
Predicate,Mx4rvViA1pwpEbGdrcN5Y29ycA
ObjectPredicate,Mx4rvViDzZwpEbGdrcN5Y29ycA
IdealTimeInterval,Mx4rvnYoA5wpEbGdrcN5Y29ycA
FacetInstanceCollection,Mx4rv1fLiZwpEbGdrcN5Y29ycA